ProjectCode,DisplaySize,FileName,FilePath,ModelToken
SAL-PEA-2023-001,,SAL-PEA-2023-001_D13M1PIBV-HESNLW000CUBIBCPN00-A00.xlsx,/mnt/data/SAL-PEA-2023-001_D13M1PIBV-HESNLW000CUBIBCPN00-A00.xlsx,D13M1PIBV-HESNLW000CUBIBCPN00-A00
SAL-PEA-2023-002,,SAL-PEA-2023-002_D13M1PIBV-HASNLW000WACUBCPN00-A00.xlsx,/mnt/data/SAL-PEA-2023-002_D13M1PIBV-HASNLW000WACUBCPN00-A00.xlsx,D13M1PIBV-HASNLW000WACUBCPN00-A00
SAL-PEA-2023-002,"13""",SAL-PEA-2023-002_01-D131PIBV-4NSCUBC-A01.xlsx,/mnt/data/SAL-PEA-2023-002_01-D131PIBV-4NSCUBC-A01.xlsx,01-D131PIBV-4NSCUBC-A01
SAL-PEA-2023-002,"23""",SAL-PEA-2023-002_01-D232PIBV-4NSCUBC-A01.xlsx,/mnt/data/SAL-PEA-2023-002_01-D232PIBV-4NSCUBC-A01.xlsx,01-D232PIBV-4NSCUBC-A01
SAL-PEA-2023-002,,SAL-PEA-2023-002_D23M2PIIV-HASNLW000WACUBCPN00-A00.xlsx,/mnt/data/SAL-PEA-2023-002_D23M2PIIV-HASNLW000WACUBCPN00-A00.xlsx,D23M2PIIV-HASNLW000WACUBCPN00-A00
SAL-PEA-2023-001,,SAL-PEA-2023-001_D23M2PIBVQHESNLW000CUBIBCPY00-A00.xlsx,/mnt/data/SAL-PEA-2023-001_D23M2PIBVQHESNLW000CUBIBCPY00-A00.xlsx,D23M2PIBVQHESNLW000CUBIBCPY00-A00
SAL-PEA-2024-001,,SAL-PEA-2024-001_D23M2PIIV-HASNLW000CUCUBCPN00-A00.xlsx,/mnt/data/SAL-PEA-2024-001_D23M2PIIV-HASNLW000CUCUBCPN00-A00.xlsx,D23M2PIIV-HASNLW000CUCUBCPN00-A00
SAL-PEA-2024-001,"23""",SAL-PEA-2024-001_01-D232PIBV-4NSCUBC-A01.xlsx,/mnt/data/SAL-PEA-2024-001_01-D232PIBV-4NSCUBC-A01.xlsx,01-D232PIBV-4NSCUBC-A01
SAL-PEA-2024-001,"13""",SAL-PEA-2024-001_01-D131PIBV-1NSCUBC-A04.xlsx,/mnt/data/SAL-PEA-2024-001_01-D131PIBV-1NSCUBC-A04.xlsx,01-D131PIBV-1NSCUBC-A04
SAL-PEA-2023-002,,SAL-PEA-2023-002_D13M1PIBV-GAJNLW000WACUBCPN00-A00.xlsx,/mnt/data/SAL-PEA-2023-002_D13M1PIBV-GAJNLW000WACUBCPN00-A00.xlsx,D13M1PIBV-GAJNLW000WACUBCPN00-A00
,,BOM_Index.xlsx,/mnt/data/BOM_Index.xlsx,Index
